{
    "rmse": 0.8040717521464831,
    "mae": 0.656033512403287,
    "r2": 0.010672401287656341
}